epoch,time,train/box_loss,train/cls_loss,train/dfl_loss,metrics/precision(B),metrics/recall(B),metrics/mAP50(B),metrics/mAP50-95(B),val/box_loss,val/cls_loss,val/dfl_loss,lr/pg0,lr/pg1,lr/pg2
1,2.5274,18.0868,3.47962,1.20067,0.07119,0.36357,0.08841,0.02149,14.1433,2.91702,1.05946,3.18841e-05,3.18841e-05,0.0681478
2,4.31671,9.39499,2.36002,1.03205,0.09262,0.47301,0.1927,0.06671,14.6991,2.22379,1.02882,6.52134e-05,6.52134e-05,0.0348478
3,6.25014,8.67287,1.86449,1.0034,0.28329,0.50048,0.23123,0.11497,10.4582,1.95906,0.97029,9.85267e-05,9.85267e-05,0.0015478
4,8.96663,8.50848,1.6956,0.98556,0.35999,0.73403,0.36244,0.20272,8.16022,1.74167,0.95268,9.9945e-05,9.9945e-05,9.9945e-05
5,12.0556,8.03555,1.58494,0.97735,0.413,0.88488,0.44865,0.28448,6.62332,1.5222,0.931,9.99023e-05,9.99023e-05,9.99023e-05
6,15.1551,8.24137,1.50365,0.96462,0.45535,0.91649,0.4808,0.32613,5.8134,1.36636,0.92296,9.98474e-05,9.98474e-05,9.98474e-05
7,18.2322,7.95935,1.42364,0.95258,0.46848,0.93128,0.48954,0.34221,5.42486,1.30207,0.91952,9.97803e-05,9.97803e-05,9.97803e-05
8,21.2814,7.34806,1.37688,0.94613,0.47688,0.94701,0.4969,0.35472,5.19313,1.27167,0.91229,9.97011e-05,9.97011e-05,9.97011e-05
9,24.352,7.53472,1.3393,0.93812,0.4811,0.95496,0.50314,0.36432,5.01859,1.24482,0.90564,9.96097e-05,9.96097e-05,9.96097e-05
10,27.4022,6.92964,1.31894,0.93715,0.48499,0.96315,0.50722,0.37202,4.92187,1.23062,0.9021,9.95062e-05,9.95062e-05,9.95062e-05
11,30.4663,6.56816,1.2866,0.93509,0.48625,0.96544,0.50798,0.37651,4.83251,1.22613,0.89967,9.93906e-05,9.93906e-05,9.93906e-05
12,33.4916,6.98266,1.2719,0.92559,0.48734,0.96589,0.51155,0.3721,4.67484,1.21401,0.89423,9.92629e-05,9.92629e-05,9.92629e-05
13,36.5473,6.91767,1.26135,0.91986,0.48718,0.96822,0.51326,0.33631,5.46747,1.22887,0.90557,9.91232e-05,9.91232e-05,9.91232e-05
14,39.6108,6.74836,1.25015,0.91731,0.48809,0.97217,0.51526,0.37881,4.50477,1.19377,0.89205,9.89715e-05,9.89715e-05,9.89715e-05
15,42.6432,6.18691,1.22529,0.91886,0.48899,0.97207,0.51633,0.37694,4.59731,1.19828,0.89276,9.88079e-05,9.88079e-05,9.88079e-05
16,45.7265,6.30281,1.22476,0.91829,0.48874,0.97052,0.51613,0.38824,4.13114,1.18605,0.88536,9.86323e-05,9.86323e-05,9.86323e-05
17,48.726,5.89021,1.20997,0.91363,0.48851,0.97497,0.5183,0.36525,4.50617,1.19122,0.88723,9.84449e-05,9.84449e-05,9.84449e-05
18,51.8013,5.898,1.20331,0.90985,0.48912,0.97661,0.51864,0.39603,3.86178,1.15844,0.87575,9.82456e-05,9.82456e-05,9.82456e-05
19,54.8925,6.00767,1.20274,0.90923,0.48857,0.97189,0.51987,0.39422,3.8132,1.15759,0.87974,9.80345e-05,9.80345e-05,9.80345e-05
20,57.9173,5.90492,1.18922,0.90461,0.49051,0.97305,0.52318,0.38555,3.80885,1.15959,0.87992,9.78118e-05,9.78118e-05,9.78118e-05
21,61.0029,5.59136,1.18004,0.90352,0.48949,0.97637,0.52394,0.40163,3.55483,1.14986,0.87113,9.75773e-05,9.75773e-05,9.75773e-05
22,64.077,5.51513,1.17301,0.90241,0.49046,0.97685,0.52784,0.40396,3.47895,1.14043,0.87508,9.73312e-05,9.73312e-05,9.73312e-05
23,67.1156,5.37039,1.16143,0.8979,0.49014,0.97406,0.53151,0.3994,3.51317,1.13929,0.87505,9.70736e-05,9.70736e-05,9.70736e-05
24,70.2735,5.52107,1.16527,0.89921,0.48979,0.97525,0.53485,0.39606,3.56104,1.13965,0.87334,9.68045e-05,9.68045e-05,9.68045e-05
25,73.3296,4.96239,1.14274,0.89622,0.49096,0.97662,0.53644,0.41504,3.23411,1.12311,0.87149,9.65239e-05,9.65239e-05,9.65239e-05
26,76.3698,5.17667,1.14656,0.89507,0.49036,0.97317,0.53755,0.41161,3.20975,1.12732,0.86855,9.6232e-05,9.6232e-05,9.6232e-05
27,79.3831,5.09876,1.13942,0.89145,0.49068,0.9776,0.53859,0.40179,3.31413,1.12716,0.86738,9.59289e-05,9.59289e-05,9.59289e-05
28,82.4449,4.97856,1.13776,0.8926,0.49059,0.97901,0.54154,0.42267,3.05018,1.10284,0.86246,9.56145e-05,9.56145e-05,9.56145e-05
29,85.6797,4.88476,1.12578,0.88998,0.49083,0.97831,0.54542,0.42319,3.0288,1.09963,0.86208,9.52889e-05,9.52889e-05,9.52889e-05
30,88.7214,4.888,1.13143,0.88885,0.49187,0.97853,0.55034,0.42143,3.04278,1.09013,0.86254,9.49524e-05,9.49524e-05,9.49524e-05
31,91.7217,4.83658,1.12118,0.88805,0.49183,0.97996,0.55201,0.42834,2.95638,1.07748,0.86446,9.46048e-05,9.46048e-05,9.46048e-05
32,94.8116,4.71975,1.11411,0.88634,0.49247,0.97216,0.55656,0.42696,2.95521,1.07057,0.86444,9.42464e-05,9.42464e-05,9.42464e-05
33,97.903,4.88255,1.12024,0.88751,0.49358,0.97459,0.56012,0.43153,2.89718,1.06446,0.86023,9.38772e-05,9.38772e-05,9.38772e-05
34,101.002,4.68689,1.10764,0.88538,0.49342,0.97418,0.567,0.4436,2.78589,1.05719,0.85981,9.34973e-05,9.34973e-05,9.34973e-05
35,104.017,4.63057,1.10695,0.88464,0.49354,0.97302,0.57768,0.44511,2.83677,1.05869,0.85988,9.31067e-05,9.31067e-05,9.31067e-05
36,107.07,4.68138,1.10236,0.88027,0.49555,0.96506,0.58514,0.44141,2.86493,1.05959,0.85853,9.27057e-05,9.27057e-05,9.27057e-05
37,110.174,4.60731,1.10469,0.88404,0.49681,0.95996,0.58495,0.4585,2.642,1.04174,0.85421,9.22942e-05,9.22942e-05,9.22942e-05
38,113.307,4.55829,1.09322,0.87954,0.50318,0.95364,0.59558,0.45962,2.765,1.03851,0.8563,9.18725e-05,9.18725e-05,9.18725e-05
39,116.342,4.66066,1.0874,0.87794,0.50304,0.95277,0.59337,0.46146,2.66429,1.03648,0.85484,9.14405e-05,9.14405e-05,9.14405e-05
40,119.621,4.63404,1.08928,0.87897,0.51576,0.92391,0.60455,0.4668,2.66858,1.01661,0.85632,9.09984e-05,9.09984e-05,9.09984e-05
41,122.893,4.28421,1.07676,0.88135,0.51916,0.92682,0.61761,0.47968,2.57907,0.98792,0.85347,9.05463e-05,9.05463e-05,9.05463e-05
42,124.949,4.55031,1.08309,0.88002,0.52222,0.91799,0.62741,0.47673,2.65001,0.98591,0.85626,9.00844e-05,9.00844e-05,9.00844e-05
43,126.786,4.44797,1.07407,0.87754,0.5293,0.90706,0.64842,0.48726,2.74979,1.00363,0.85794,8.96127e-05,8.96127e-05,8.96127e-05
44,128.603,4.44493,1.06609,0.87573,0.51429,0.92481,0.65847,0.51537,2.52835,1.05894,0.85213,8.91313e-05,8.91313e-05,8.91313e-05
45,131.658,4.2838,1.05665,0.87707,0.52217,0.91312,0.67521,0.52546,2.50182,1.03578,0.84879,8.86404e-05,8.86404e-05,8.86404e-05
46,134.744,4.43805,1.05107,0.87291,0.57734,0.84048,0.69537,0.5347,2.52537,0.95217,0.84994,8.81401e-05,8.81401e-05,8.81401e-05
47,137.865,4.28123,1.03838,0.87098,0.587,0.85171,0.70689,0.53789,2.5902,0.92649,0.84956,8.76305e-05,8.76305e-05,8.76305e-05
48,140.969,4.24792,1.03933,0.87414,0.61085,0.8374,0.72793,0.56822,2.42119,0.89256,0.84797,8.71117e-05,8.71117e-05,8.71117e-05
49,144.105,4.0763,1.02604,0.87473,0.5712,0.89397,0.73111,0.55492,2.48483,0.89218,0.84915,8.65839e-05,8.65839e-05,8.65839e-05
50,147.265,4.3264,1.0217,0.87145,0.5943,0.8843,0.75551,0.59079,2.36705,0.86102,0.84651,8.60473e-05,8.60473e-05,8.60473e-05
51,150.486,4.1867,1.01224,0.87161,0.62799,0.85854,0.77356,0.59152,2.46858,0.85339,0.84909,8.55018e-05,8.55018e-05,8.55018e-05
52,153.586,3.96116,0.99793,0.87234,0.63816,0.84751,0.7754,0.60455,2.36398,0.84536,0.84543,8.49477e-05,8.49477e-05,8.49477e-05
53,156.613,4.04767,0.98716,0.86991,0.61734,0.87159,0.77833,0.5844,2.56888,0.86668,0.84669,8.43851e-05,8.43851e-05,8.43851e-05
54,159.674,3.89506,0.98266,0.86817,0.68667,0.82667,0.79606,0.61836,2.36799,0.84828,0.84239,8.38141e-05,8.38141e-05,8.38141e-05
55,162.745,3.94568,0.97767,0.87126,0.69316,0.83041,0.8047,0.62052,2.38122,0.8341,0.84398,8.32349e-05,8.32349e-05,8.32349e-05
56,166.009,4.11008,0.98357,0.86944,0.57612,0.90623,0.7696,0.58893,2.42701,0.87895,0.84466,8.26477e-05,8.26477e-05,8.26477e-05
57,169.005,3.90816,0.9762,0.86822,0.697,0.83836,0.81549,0.64145,2.36252,0.84967,0.84055,8.20525e-05,8.20525e-05,8.20525e-05
58,172.091,4.13518,0.97675,0.86569,0.65326,0.85193,0.82019,0.63905,2.36939,0.8966,0.8423,8.14495e-05,8.14495e-05,8.14495e-05
59,175.092,4.11052,0.96467,0.86282,0.71168,0.82117,0.81697,0.62949,2.36727,0.81157,0.84437,8.08389e-05,8.08389e-05,8.08389e-05
60,178.13,3.82508,0.95935,0.86743,0.68563,0.83566,0.81696,0.64023,2.25306,0.80754,0.84123,8.02208e-05,8.02208e-05,8.02208e-05
61,181.247,4.07567,0.95884,0.86397,0.74339,0.83985,0.85325,0.66251,2.30424,0.81106,0.84178,7.95954e-05,7.95954e-05,7.95954e-05
62,184.376,4.04172,0.95401,0.86707,0.6871,0.84915,0.83573,0.66113,2.25686,0.84124,0.84132,7.89628e-05,7.89628e-05,7.89628e-05
63,187.426,3.76187,0.95069,0.86821,0.68892,0.84703,0.82903,0.65309,2.25463,0.84585,0.84141,7.83231e-05,7.83231e-05,7.83231e-05
64,190.461,3.80409,0.93277,0.86396,0.73659,0.84154,0.85617,0.6614,2.32228,0.78858,0.84192,7.76766e-05,7.76766e-05,7.76766e-05
65,193.508,3.83041,0.93399,0.86372,0.74331,0.83874,0.85494,0.67807,2.19394,0.78008,0.83895,7.70234e-05,7.70234e-05,7.70234e-05
66,196.602,4.12101,0.9286,0.86058,0.721,0.85219,0.85751,0.66452,2.29129,0.80474,0.84208,7.63637e-05,7.63637e-05,7.63637e-05
67,199.616,3.92219,0.92915,0.86268,0.63941,0.8813,0.85663,0.67648,2.26272,0.91918,0.84142,7.56976e-05,7.56976e-05,7.56976e-05
68,202.681,3.94276,0.92688,0.86016,0.73239,0.84794,0.87894,0.69651,2.19818,0.82711,0.83866,7.50252e-05,7.50252e-05,7.50252e-05
69,205.883,3.85799,0.92002,0.86103,0.75619,0.84799,0.8715,0.68823,2.20757,0.76774,0.83829,7.43468e-05,7.43468e-05,7.43468e-05
70,208.889,3.86034,0.90778,0.86147,0.64306,0.88453,0.87099,0.68731,2.23158,0.92396,0.83791,7.36625e-05,7.36625e-05,7.36625e-05
71,211.864,3.82101,0.91696,0.86033,0.65215,0.88334,0.87674,0.69624,2.19318,0.89916,0.83867,7.29725e-05,7.29725e-05,7.29725e-05
72,214.864,3.94594,0.91274,0.8622,0.75021,0.86609,0.88207,0.69824,2.18394,0.76454,0.83912,7.2277e-05,7.2277e-05,7.2277e-05
73,217.871,3.67595,0.89546,0.86139,0.77053,0.84903,0.88155,0.69027,2.19007,0.75442,0.83899,7.15761e-05,7.15761e-05,7.15761e-05
74,220.929,3.61721,0.89168,0.86046,0.76884,0.85428,0.89039,0.70775,2.15066,0.77609,0.83589,7.087e-05,7.087e-05,7.087e-05
75,223.953,3.71617,0.90276,0.86149,0.73364,0.84411,0.89074,0.70099,2.21762,0.82906,0.83822,7.01588e-05,7.01588e-05,7.01588e-05
76,226.997,3.94317,0.89154,0.85904,0.65846,0.88072,0.88297,0.6871,2.2668,0.89633,0.83926,6.94428e-05,6.94428e-05,6.94428e-05
77,230.018,3.57993,0.88784,0.86215,0.75802,0.8426,0.89621,0.7191,2.12017,0.78711,0.8345,6.87222e-05,6.87222e-05,6.87222e-05
78,233.142,3.85301,0.90252,0.85287,0.78962,0.84746,0.90467,0.71322,2.16646,0.7697,0.8355,6.7997e-05,6.7997e-05,6.7997e-05
79,236.291,3.69871,0.89383,0.85953,0.78149,0.85272,0.89791,0.71688,2.09792,0.76087,0.83508,6.72675e-05,6.72675e-05,6.72675e-05
80,239.337,3.8365,0.8856,0.85796,0.78462,0.8532,0.90122,0.7168,2.11808,0.76533,0.83704,6.65339e-05,6.65339e-05,6.65339e-05
81,242.38,3.8196,0.879,0.85398,0.8091,0.84724,0.91274,0.70976,2.20956,0.76093,0.83796,6.57963e-05,6.57963e-05,6.57963e-05
82,245.498,3.7173,0.87591,0.85708,0.79911,0.85172,0.90995,0.73095,2.08535,0.7591,0.83311,6.5055e-05,6.5055e-05,6.5055e-05
83,247.733,3.83027,0.87477,0.85616,0.82207,0.84727,0.90967,0.72413,2.09902,0.72974,0.83473,6.43101e-05,6.43101e-05,6.43101e-05
84,249.627,3.79194,0.87077,0.85652,0.78213,0.85295,0.91727,0.73202,2.10296,0.79281,0.83447,6.35617e-05,6.35617e-05,6.35617e-05
85,251.488,3.74957,0.87818,0.85544,0.72166,0.86495,0.91035,0.73139,2.07143,0.84301,0.83318,6.28101e-05,6.28101e-05,6.28101e-05
86,253.335,3.77509,0.87788,0.85564,0.75605,0.85509,0.91246,0.7319,2.06858,0.80562,0.83326,6.20555e-05,6.20555e-05,6.20555e-05
87,255.171,3.41735,0.85557,0.86056,0.81776,0.8584,0.92011,0.73485,2.07408,0.73463,0.8333,6.12981e-05,6.12981e-05,6.12981e-05
88,257.682,3.65964,0.85763,0.85443,0.77434,0.86343,0.92709,0.73843,2.09961,0.78272,0.83372,6.0538e-05,6.0538e-05,6.0538e-05
89,260.729,3.63784,0.85572,0.85468,0.71366,0.88493,0.9167,0.73666,2.06069,0.83051,0.83386,5.97754e-05,5.97754e-05,5.97754e-05
90,263.782,3.73391,0.86098,0.85517,0.75436,0.86965,0.92191,0.73896,2.0718,0.78885,0.83366,5.90105e-05,5.90105e-05,5.90105e-05
91,266.865,3.71862,0.85422,0.85405,0.76658,0.86443,0.92573,0.74177,2.07637,0.77831,0.83377,5.82435e-05,5.82435e-05,5.82435e-05
92,269.972,3.72404,0.85324,0.85534,0.81577,0.86218,0.92739,0.74477,2.05078,0.72775,0.83181,5.74746e-05,5.74746e-05,5.74746e-05
93,273.055,3.61205,0.85865,0.85595,0.79626,0.86709,0.92671,0.74788,2.03494,0.74641,0.83192,5.6704e-05,5.6704e-05,5.6704e-05
94,276.153,3.44073,0.84143,0.85559,0.75405,0.87553,0.92619,0.74547,2.05875,0.78362,0.83094,5.59318e-05,5.59318e-05,5.59318e-05
95,279.303,3.57695,0.85774,0.85471,0.81503,0.87579,0.93254,0.73992,2.08698,0.72861,0.83323,5.51584e-05,5.51584e-05,5.51584e-05
96,282.455,3.52713,0.84174,0.85462,0.81281,0.87722,0.93393,0.75457,2.01974,0.73873,0.8316,5.43837e-05,5.43837e-05,5.43837e-05
97,285.606,3.68611,0.85349,0.85484,0.75075,0.87815,0.93119,0.74679,2.08759,0.80334,0.83226,5.36081e-05,5.36081e-05,5.36081e-05
98,288.712,3.87919,0.85882,0.85202,0.74746,0.87932,0.93044,0.75062,2.034,0.80722,0.8331,5.28318e-05,5.28318e-05,5.28318e-05
99,291.809,3.65102,0.83432,0.8522,0.79737,0.87882,0.93141,0.75174,2.00606,0.74558,0.83318,5.20548e-05,5.20548e-05,5.20548e-05
100,294.832,3.75305,0.84353,0.85213,0.82219,0.87255,0.93667,0.75871,1.98976,0.72891,0.83085,5.12775e-05,5.12775e-05,5.12775e-05
101,297.919,3.60709,0.83851,0.85279,0.83167,0.86707,0.93344,0.74381,2.05559,0.72039,0.8331,5.05e-05,5.05e-05,5.05e-05
102,300.961,3.76488,0.8455,0.85298,0.82917,0.86456,0.93212,0.74541,2.02831,0.71582,0.83297,4.97225e-05,4.97225e-05,4.97225e-05
103,303.941,3.49429,0.82674,0.85286,0.78223,0.87624,0.93132,0.75445,1.98988,0.75504,0.82946,4.89452e-05,4.89452e-05,4.89452e-05
104,306.973,3.72567,0.83635,0.85278,0.84577,0.85916,0.93622,0.74975,2.02568,0.70773,0.83063,4.81682e-05,4.81682e-05,4.81682e-05
105,309.987,3.5461,0.8238,0.85343,0.86029,0.88035,0.93587,0.7564,1.99183,0.66809,0.8306,4.73919e-05,4.73919e-05,4.73919e-05
106,313.033,3.56619,0.82602,0.84967,0.85737,0.85952,0.935,0.746,2.05483,0.70112,0.83145,4.66163e-05,4.66163e-05,4.66163e-05
107,316.067,3.53569,0.83701,0.85098,0.79843,0.8618,0.92978,0.74982,1.99271,0.74142,0.82912,4.58416e-05,4.58416e-05,4.58416e-05
108,319.083,3.51525,0.82909,0.85072,0.7983,0.85587,0.92844,0.75538,1.95552,0.73988,0.8274,4.50682e-05,4.50682e-05,4.50682e-05
109,322.095,3.54825,0.83105,0.84899,0.8566,0.88716,0.93807,0.74759,2.02576,0.67457,0.82939,4.4296e-05,4.4296e-05,4.4296e-05
110,325.355,3.51622,0.82352,0.84932,0.86119,0.88798,0.94,0.7624,1.94674,0.66146,0.82867,4.35254e-05,4.35254e-05,4.35254e-05
111,328.514,3.66368,0.82765,0.8478,0.85265,0.87845,0.93812,0.75678,1.963,0.67787,0.82904,4.27565e-05,4.27565e-05,4.27565e-05
112,331.594,3.50196,0.82672,0.85083,0.77324,0.86704,0.93298,0.74838,1.99568,0.76996,0.82947,4.19895e-05,4.19895e-05,4.19895e-05
113,334.733,3.6534,0.82385,0.84931,0.76171,0.86885,0.93288,0.7575,1.94528,0.78572,0.82775,4.12246e-05,4.12246e-05,4.12246e-05
114,337.785,3.59857,0.82324,0.84719,0.76895,0.86684,0.93396,0.74229,2.06354,0.78487,0.82917,4.0462e-05,4.0462e-05,4.0462e-05
115,340.833,3.46014,0.81253,0.85226,0.78708,0.87099,0.93877,0.75366,1.99945,0.75535,0.82842,3.97019e-05,3.97019e-05,3.97019e-05
116,343.867,3.58274,0.81368,0.8483,0.82526,0.87495,0.94146,0.76511,1.93546,0.71715,0.8268,3.89445e-05,3.89445e-05,3.89445e-05
117,346.97,3.51568,0.82059,0.84781,0.84159,0.8738,0.94148,0.75681,1.99098,0.69685,0.82783,3.81899e-05,3.81899e-05,3.81899e-05
118,350.078,3.30113,0.81286,0.84788,0.82676,0.86374,0.94055,0.75964,1.94972,0.71063,0.8269,3.74383e-05,3.74383e-05,3.74383e-05
119,353.07,3.32387,0.81679,0.8546,0.83539,0.87175,0.942,0.76392,1.93824,0.69938,0.82791,3.66899e-05,3.66899e-05,3.66899e-05
120,356.157,3.595,0.82383,0.84719,0.86111,0.8834,0.94219,0.76242,1.92583,0.66784,0.82763,3.5945e-05,3.5945e-05,3.5945e-05
121,359.219,3.57139,0.81949,0.84781,0.85795,0.88389,0.94163,0.75559,1.99144,0.67422,0.82814,3.52037e-05,3.52037e-05,3.52037e-05
122,362.365,3.40684,0.80838,0.85001,0.82077,0.87211,0.93937,0.7641,1.92261,0.70824,0.82705,3.44661e-05,3.44661e-05,3.44661e-05
123,365.645,3.71674,0.82707,0.84468,0.78355,0.86773,0.93647,0.7573,1.9415,0.75285,0.82776,3.37325e-05,3.37325e-05,3.37325e-05
124,368.77,3.39764,0.80773,0.85232,0.78478,0.86922,0.93796,0.75652,1.95109,0.75369,0.82893,3.3003e-05,3.3003e-05,3.3003e-05
125,371.91,3.46461,0.81405,0.85043,0.82997,0.86588,0.94377,0.77008,1.89929,0.70948,0.82762,3.22778e-05,3.22778e-05,3.22778e-05
126,375.057,3.58618,0.80838,0.84539,0.85496,0.87495,0.94307,0.76414,1.92887,0.67715,0.82784,3.15572e-05,3.15572e-05,3.15572e-05
127,378.178,3.34261,0.80255,0.84918,0.85885,0.88017,0.94315,0.75152,1.98887,0.67798,0.82934,3.08412e-05,3.08412e-05,3.08412e-05
128,381.305,3.45527,0.81095,0.84533,0.85666,0.88874,0.9463,0.76636,1.92071,0.67372,0.82702,3.013e-05,3.013e-05,3.013e-05
129,384.424,3.50015,0.80653,0.8503,0.86937,0.89176,0.94714,0.77212,1.89543,0.65743,0.82671,2.94239e-05,2.94239e-05,2.94239e-05
130,387.622,3.46056,0.80502,0.84867,0.85894,0.89761,0.94774,0.76744,1.93318,0.66429,0.82729,2.8723e-05,2.8723e-05,2.8723e-05
131,390.746,3.52501,0.80777,0.84615,0.86459,0.89109,0.94675,0.76392,1.93336,0.66362,0.82784,2.80275e-05,2.80275e-05,2.80275e-05
132,393.841,3.56915,0.80183,0.84617,0.83474,0.86008,0.94489,0.76422,1.91678,0.71418,0.82716,2.73375e-05,2.73375e-05,2.73375e-05
133,396.936,3.5264,0.80751,0.84437,0.75615,0.87523,0.94084,0.76046,1.93765,0.79818,0.82709,2.66532e-05,2.66532e-05,2.66532e-05
134,400.018,3.46813,0.80485,0.8457,0.79667,0.87713,0.94671,0.76676,1.91381,0.73872,0.8268,2.59748e-05,2.59748e-05,2.59748e-05
135,403.22,3.39,0.80179,0.84889,0.8549,0.889,0.94696,0.77278,1.87389,0.66925,0.82634,2.53024e-05,2.53024e-05,2.53024e-05
136,406.281,3.50509,0.80565,0.84743,0.87174,0.89767,0.94698,0.76741,1.91001,0.64457,0.82672,2.46363e-05,2.46363e-05,2.46363e-05
137,409.429,3.62587,0.81228,0.84317,0.88228,0.89332,0.94871,0.7636,1.95121,0.6441,0.82778,2.39766e-05,2.39766e-05,2.39766e-05
138,412.503,3.39135,0.8055,0.84852,0.86353,0.89538,0.94872,0.7729,1.8858,0.65396,0.82623,2.33234e-05,2.33234e-05,2.33234e-05
139,415.61,3.51413,0.80524,0.84696,0.83976,0.87266,0.94572,0.76871,1.8923,0.69334,0.82603,2.26769e-05,2.26769e-05,2.26769e-05
140,418.688,3.35551,0.79928,0.8471,0.81455,0.87144,0.9442,0.76645,1.89954,0.71648,0.82569,2.20372e-05,2.20372e-05,2.20372e-05
141,421.754,3.33493,0.79625,0.84522,0.83532,0.86513,0.94647,0.7662,1.91079,0.70337,0.82598,2.14046e-05,2.14046e-05,2.14046e-05
142,424.82,3.37737,0.80438,0.8467,0.85521,0.88852,0.94596,0.76335,1.9009,0.66564,0.82681,2.07792e-05,2.07792e-05,2.07792e-05
143,427.928,3.46709,0.80171,0.8456,0.85632,0.89041,0.94617,0.76996,1.85986,0.66129,0.82596,2.01611e-05,2.01611e-05,2.01611e-05
144,430.99,3.4033,0.80168,0.84471,0.85204,0.8842,0.94738,0.77198,1.86051,0.67189,0.82543,1.95505e-05,1.95505e-05,1.95505e-05
145,434.086,3.34226,0.80169,0.84492,0.85032,0.87389,0.94832,0.76942,1.87777,0.68086,0.82518,1.89475e-05,1.89475e-05,1.89475e-05
146,437.203,3.36389,0.79102,0.84674,0.84865,0.87677,0.94794,0.77094,1.88032,0.68101,0.82487,1.83523e-05,1.83523e-05,1.83523e-05
147,440.29,3.32755,0.79609,0.8467,0.83857,0.8794,0.94742,0.77155,1.88056,0.68625,0.82465,1.77651e-05,1.77651e-05,1.77651e-05
148,443.425,3.27963,0.79158,0.84781,0.8469,0.87442,0.94728,0.77313,1.87515,0.68339,0.82492,1.71859e-05,1.71859e-05,1.71859e-05
149,446.734,3.46637,0.79558,0.84709,0.84713,0.87936,0.94849,0.7764,1.85779,0.67846,0.82423,1.66149e-05,1.66149e-05,1.66149e-05
150,449.842,3.32629,0.79231,0.84727,0.8278,0.87979,0.94896,0.77445,1.87513,0.69535,0.82509,1.60523e-05,1.60523e-05,1.60523e-05
151,452.919,3.35317,0.7931,0.84578,0.83354,0.88189,0.94914,0.77159,1.8919,0.69111,0.82593,1.54982e-05,1.54982e-05,1.54982e-05
152,456.051,3.28342,0.79007,0.84754,0.85615,0.8886,0.94954,0.77091,1.87453,0.66316,0.8262,1.49527e-05,1.49527e-05,1.49527e-05
153,459.136,3.35292,0.81033,0.8458,0.86411,0.89239,0.94975,0.7715,1.86511,0.65442,0.82515,1.44161e-05,1.44161e-05,1.44161e-05
154,462.291,3.38624,0.78886,0.84496,0.86514,0.89503,0.9497,0.76829,1.87933,0.65065,0.8251,1.38883e-05,1.38883e-05,1.38883e-05
155,465.406,3.37885,0.79317,0.84664,0.85616,0.89597,0.95014,0.76944,1.88015,0.66326,0.82525,1.33695e-05,1.33695e-05,1.33695e-05
156,468.48,3.35978,0.78525,0.84401,0.85432,0.89329,0.95052,0.77139,1.87029,0.66496,0.82539,1.28599e-05,1.28599e-05,1.28599e-05
157,471.55,3.34778,0.79157,0.845,0.85588,0.89187,0.95076,0.77164,1.86242,0.665,0.8254,1.23596e-05,1.23596e-05,1.23596e-05
158,474.66,3.51496,0.79174,0.84313,0.85497,0.88594,0.95063,0.7741,1.85624,0.66821,0.82537,1.18687e-05,1.18687e-05,1.18687e-05
159,477.719,3.40422,0.79259,0.84673,0.85048,0.88748,0.95076,0.77702,1.8537,0.67044,0.82506,1.13873e-05,1.13873e-05,1.13873e-05
160,480.945,3.41216,0.79468,0.84708,0.84448,0.88482,0.95009,0.77789,1.84114,0.67617,0.82446,1.09156e-05,1.09156e-05,1.09156e-05
161,484.099,3.36965,0.78862,0.84749,0.84894,0.88687,0.95036,0.7774,1.84565,0.67288,0.82494,1.04537e-05,1.04537e-05,1.04537e-05
162,487.206,3.37001,0.79773,0.84876,0.85174,0.88249,0.95009,0.77144,1.88226,0.67528,0.82541,1.00016e-05,1.00016e-05,1.00016e-05
163,490.303,3.33297,0.78873,0.84564,0.84413,0.88298,0.94936,0.76732,1.89874,0.67875,0.82589,9.55951e-06,9.55951e-06,9.55951e-06
164,493.412,3.42989,0.78829,0.84528,0.84865,0.88491,0.94953,0.76909,1.87867,0.67207,0.82561,9.12754e-06,9.12754e-06,9.12754e-06
165,496.473,3.18124,0.78527,0.84856,0.854,0.89542,0.94989,0.77371,1.85451,0.65951,0.82519,8.70577e-06,8.70577e-06,8.70577e-06
166,499.596,3.35961,0.78736,0.84541,0.86469,0.89609,0.95034,0.77577,1.84317,0.64888,0.82454,8.29431e-06,8.29431e-06,8.29431e-06
167,502.714,3.40581,0.78861,0.84221,0.87005,0.89324,0.95036,0.77409,1.85718,0.64891,0.82501,7.89327e-06,7.89327e-06,7.89327e-06
168,505.831,3.32511,0.7886,0.8459,0.86643,0.89205,0.95,0.77277,1.87261,0.65149,0.82573,7.50274e-06,7.50274e-06,7.50274e-06
169,508.977,3.42059,0.79313,0.8435,0.85733,0.89445,0.94969,0.77368,1.85507,0.65884,0.82423,7.12282e-06,7.12282e-06,7.12282e-06
170,512.126,3.62017,0.79883,0.8422,0.84938,0.88738,0.94999,0.77376,1.86051,0.67001,0.82448,6.7536e-06,6.7536e-06,6.7536e-06
171,515.248,3.35619,0.79238,0.84578,0.85244,0.8851,0.95017,0.77186,1.86209,0.66837,0.82463,6.39518e-06,6.39518e-06,6.39518e-06
172,518.364,3.4804,0.79542,0.8434,0.85158,0.88817,0.95063,0.77294,1.85328,0.66511,0.82464,6.04763e-06,6.04763e-06,6.04763e-06
173,521.578,3.36903,0.78376,0.84587,0.85303,0.8872,0.95064,0.77296,1.85574,0.66729,0.82496,5.71106e-06,5.71106e-06,5.71106e-06
174,524.745,3.50408,0.79231,0.84444,0.85402,0.89122,0.95126,0.77432,1.85561,0.6657,0.82495,5.38554e-06,5.38554e-06,5.38554e-06
175,527.853,3.13761,0.77286,0.847,0.8526,0.89239,0.9508,0.77477,1.85966,0.66805,0.82438,5.07115e-06,5.07115e-06,5.07115e-06
176,530.947,3.32427,0.78615,0.84348,0.85659,0.89547,0.95086,0.77355,1.85659,0.66252,0.82428,4.76796e-06,4.76796e-06,4.76796e-06
177,534.1,3.36367,0.79784,0.84481,0.85798,0.89627,0.95115,0.77243,1.86839,0.66067,0.82443,4.47606e-06,4.47606e-06,4.47606e-06
178,536.297,3.41345,0.78505,0.84411,0.85436,0.8954,0.95052,0.77149,1.87826,0.66423,0.82461,4.19552e-06,4.19552e-06,4.19552e-06
179,538.113,3.35823,0.79091,0.84609,0.85385,0.8878,0.95046,0.77168,1.8794,0.6688,0.82508,3.9264e-06,3.9264e-06,3.9264e-06
180,539.981,3.34708,0.78847,0.84629,0.8509,0.88949,0.9507,0.77484,1.86087,0.66911,0.82473,3.66877e-06,3.66877e-06,3.66877e-06
181,541.795,3.43782,0.78883,0.84004,0.85089,0.89109,0.9505,0.77649,1.83912,0.66506,0.824,3.4227e-06,3.4227e-06,3.4227e-06
182,543.647,3.31851,0.78689,0.84643,0.85467,0.89086,0.95026,0.77601,1.83969,0.66126,0.82339,3.18825e-06,3.18825e-06,3.18825e-06
183,545.46,3.38333,0.78878,0.84267,0.85288,0.88735,0.94997,0.77532,1.83811,0.66275,0.82384,2.96546e-06,2.96546e-06,2.96546e-06
184,547.291,3.32143,0.78584,0.8441,0.85545,0.89212,0.95017,0.7744,1.85287,0.65926,0.82505,2.75441e-06,2.75441e-06,2.75441e-06
185,549.181,3.43367,0.78934,0.84352,0.85553,0.89029,0.95028,0.77373,1.84922,0.66134,0.82453,2.55513e-06,2.55513e-06,2.55513e-06
186,551.004,3.38843,0.78659,0.84789,0.85897,0.89055,0.95033,0.77324,1.86231,0.65979,0.82505,2.36769e-06,2.36769e-06,2.36769e-06
187,553.088,3.22429,0.79187,0.84543,0.86414,0.89101,0.9508,0.77424,1.8536,0.65165,0.82458,2.19212e-06,2.19212e-06,2.19212e-06
188,556.221,3.23851,0.78372,0.84412,0.85934,0.89144,0.95068,0.77463,1.85655,0.65796,0.82493,2.02847e-06,2.02847e-06,2.02847e-06
189,559.329,3.34949,0.77917,0.84282,0.85824,0.89311,0.95082,0.77487,1.85095,0.65728,0.82456,1.87678e-06,1.87678e-06,1.87678e-06
190,562.407,3.17146,0.77301,0.84689,0.85831,0.89397,0.95017,0.77342,1.86216,0.65692,0.82519,1.73709e-06,1.73709e-06,1.73709e-06
191,577.71,2.93046,0.83128,0.85096,0.86013,0.88682,0.94946,0.76734,1.87641,0.66103,0.8235,1.60943e-06,1.60943e-06,1.60943e-06
192,580.591,2.95004,0.82395,0.85231,0.85699,0.88213,0.94714,0.75822,1.92142,0.67369,0.82248,1.49383e-06,1.49383e-06,1.49383e-06
193,583.441,2.98385,0.82734,0.84986,0.85328,0.87474,0.94489,0.75655,1.92309,0.68476,0.82059,1.39032e-06,1.39032e-06,1.39032e-06
194,586.317,2.85156,0.8156,0.85129,0.84767,0.87684,0.94432,0.75276,1.94957,0.69373,0.82123,1.29893e-06,1.29893e-06,1.29893e-06
195,589.2,2.78754,0.79499,0.85472,0.83784,0.87836,0.94103,0.7507,1.95424,0.6993,0.82101,1.21968e-06,1.21968e-06,1.21968e-06
196,592.068,3.00695,0.8356,0.85154,0.84132,0.87834,0.94406,0.75507,1.93528,0.69578,0.82039,1.15259e-06,1.15259e-06,1.15259e-06
197,595.117,2.97242,0.82695,0.84856,0.84549,0.87475,0.94378,0.7558,1.92477,0.69184,0.81957,1.09768e-06,1.09768e-06,1.09768e-06
198,597.982,3.00318,0.83192,0.84933,0.84613,0.8787,0.94385,0.75728,1.9105,0.68899,0.81866,1.05495e-06,1.05495e-06,1.05495e-06
199,600.872,2.76969,0.78004,0.85031,0.84621,0.88083,0.94463,0.75818,1.91375,0.68737,0.81965,1.02443e-06,1.02443e-06,1.02443e-06
200,603.786,2.9088,0.80289,0.84893,0.84881,0.88191,0.9454,0.76051,1.90778,0.68468,0.81942,1.00611e-06,1.00611e-06,1.00611e-06
